<?xml version="1.0" encoding="UTF-8"?>
<project-private xmlns="http://www.netbeans.org/ns/project-private/1">
    <editor-bookmarks xmlns="http://www.netbeans.org/ns/editor-bookmarks/2" lastBookmarkId="0"/>
    <open-files xmlns="http://www.netbeans.org/ns/projectui-open-files/2">
        <group>
            <file>file:/C:/Users/Asus/OneDrive/Documents/NetBeansProjects/BloodDonar/src/MainPage.java</file>
            <file>file:/C:/Users/Asus/OneDrive/Documents/NetBeansProjects/BloodDonar/src/AdminPage.java</file>
            <file>file:/C:/Users/Asus/OneDrive/Documents/NetBeansProjects/BloodDonar/src/RegistrationPage.java</file>
            <file>file:/C:/Users/Asus/OneDrive/Documents/NetBeansProjects/BloodDonar/src/LoginPage.java</file>
            <file>file:/C:/Users/Asus/OneDrive/Documents/NetBeansProjects/BloodDonar/src/MyConnection.java</file>
            <file>file:/C:/Users/Asus/OneDrive/Documents/NetBeansProjects/BloodDonar/src/DonarDetails.java</file>
            <file>file:/C:/Users/Asus/OneDrive/Documents/NetBeansProjects/BloodDonar/src/UserDetails.java</file>
            <file>file:/C:/Users/Asus/OneDrive/Documents/NetBeansProjects/BloodDonar/src/SearchPage.java</file>
        </group>
    </open-files>
</project-private>
